Slice,Mean
1,435.957
2,504.591
3,498.135
4,478.894
5,458.942
6,445.788
7,453.389
8,513.649
9,491.817
10,470.264
11,472.957
12,464.942
13,408.942
14,456.26
15,469.476
16,490.793
17,451.913
18,449.731
19,450.173
20,453.625
21,428.005
22,472.769
23,464.966
24,462.543
25,499.149
26,499.817
27,501.192
28,491.712
29,455.043
30,501.409
31,511.423
32,491.51
33,497.438
34,482.808
35,481.327
36,537.404
37,475.159
38,513.019
39,474.163
40,482.625
41,486.841
42,511.135
43,491.942
44,497.966
45,498.327
46,472.702
47,524.572
48,511.327
49,564.587
50,525.077
51,455.726
52,439.615
53,494.067
54,529.692
55,517.048
56,505.399
57,480.361
58,477.034
59,531.909
60,525.971
61,487.332
62,496.428
63,480.707
64,475.649
65,473.019
66,500.303
67,478.226
68,470.587
69,437.308
70,400.077
71,461.043
72,500.721
73,483.082
74,461.668
75,449.971
76,454.673
77,465.712
78,488.404
79,459.452
80,467.255
81,417.192
82,436.428
83,505.433
84,494.212
85,490.928
86,485.231
87,460.322
88,469.462
89,514.928
90,525.438
91,466.38
92,456.587
93,435.615
94,460.947
95,543.457
96,477.207
97,534.721
98,439.188
99,462.971
100,475.26
101,519.361
102,539.255
103,493.322
104,461.207
105,444.505
106,447.87
107,483.577
108,512.149
109,485.947
110,479.697
111,509.976
112,516.654
113,531.457
114,498.293
115,499.837
116,441.317
117,492.423
118,480.255
119,490.322
120,458.077
121,458.49
122,511.149
123,519.812
124,532.255
125,498.596
126,495.678
127,474.168
128,512.755
129,500.149
130,491.115
131,471.856
132,486.889
133,435.957
134,514.62
135,485.918
136,492.034
137,512.678
138,476.423
139,458.303
140,469.062
141,484.312
142,477.538
143,466.308
144,422.553
145,483.74
146,480.49
147,463.014
148,443.356
149,406.034
150,425.745
151,529.264
152,492.678
153,450.062
154,472.923
155,456.077
156,487.269
157,523.029
158,549.697
159,506.736
160,471
161,445.745
162,520.88
163,509.24
164,515.284
165,514.596
166,505.322
167,464.745
168,487.418
169,520.091
170,452.457
171,434.481
172,460.721
173,501.87
174,534.279
175,539.827
176,516.024
177,481.548
178,451.149
179,487.409
180,555.038
181,543.356
182,515.317
183,491.284
184,453.389
185,532.841
186,534.413
187,553.058
188,546.514
189,500.058
190,498.341
191,495.87
192,542.25
193,521.24
194,513.688
195,452.668
196,436.712
197,446.712
198,477.716
199,518.495
200,480.087
201,430.572
202,470.212
203,488.178
204,475.952
205,432.101
206,459.168
207,434.923
208,468.409
209,515.822
210,490.135
211,459.74
212,436.889
213,498.111
214,512.63
215,481.784
216,460.048
217,480.312
218,450.534
219,526.966
220,526.562
221,478.918
222,493.38
223,478.125
224,540.264
225,510.558
226,544.197
227,507.846
228,481.909
229,484.615
230,530.817
231,555.721
232,515.341
233,487.577
234,480.212
235,439.769
236,542.62
237,523.236
238,547.178
239,531.255
240,480.188
241,504.663
242,511.139
243,540.067
244,487.812
245,474.216
246,478.293
247,540.312
248,511.284
249,491.841
250,506.457
251,441.106
252,529.269
253,545.303
254,521.904
255,468.928
256,484.231
257,521.514
258,552.404
259,515.784
260,505.024
261,452.058
262,487.236
263,519.423
264,491.918
265,494.524
266,468.971
267,476.226
268,466.668
269,505.673
270,511.409
271,483.341
272,477.135
273,499.74
274,464.062
275,492.928
276,550.529
277,485.649
278,483.942
279,489.635
280,487.038
281,520.851
282,537.077
283,541.938
284,525.558
285,511.341
286,514.524
287,501.644
288,529.356
289,522.615
290,519.721
291,484.029
292,418.596
293,529.163
294,508.904
295,482.971
296,451.433
297,425.5
298,466.106
299,497.75
300,492.668
301,505.462
302,523.865
303,488.582
304,489.135
305,567.793
306,509.293
307,522.048
308,484.76
309,460.745
310,491.462
311,522.774
312,513.543
313,479.375
314,506.149
315,518.861
316,517.019
317,501.567
318,498.587
319,486.433
320,483.731
321,465.043
322,495.356
323,524.774
324,479.673
325,507.611
326,443.413
327,474.673
328,534.067
329,477.048
330,511.779
331,446.279
332,517.707
333,533.543
334,529.562
335,523.812
336,497.428
337,449.269
338,499.827
339,500.947
340,512.077
341,492.841
342,456.356
343,477.673
344,493.649
345,507.332
346,517.663
347,487.543
348,533.519
349,475.88
350,522.99
351,502.418
352,473.048
353,491.755
354,499.221
355,451.663
356,501.784
357,514.63
358,493.591
359,472.279
360,469.303
361,463.567
362,541.909
363,530.332
364,514.269
365,502.231
366,471.538
367,448.096
368,507.279
369,566.505
370,498.572
371,488.029
372,439.923
373,472.365
374,453.995
375,494.091
376,524.87
377,481.716
378,452.755
379,471.495
380,479.183
381,509.438
382,497.505
383,469.51
384,456.683
385,462.101
386,545.495
387,543.375
388,480.601
389,463.284
390,490.889
391,488.923
392,533.053
393,512.452
394,480.087
395,468.361
396,452.231
397,513.745
398,490.986
399,533.202
400,472.317
401,499.279
402,441.447
403,420.38
404,438.423
405,447.423
406,424.442
407,424.293
408,422.024
409,443.707
410,499.875
411,502.144
412,468.635
413,466.101
414,482.774
415,437.322
416,511.428
417,502.005
418,532.798
419,486.168
420,503.447
421,454.212
422,471.024
423,510.245
424,561.649
425,507.399
426,479.091
427,473.865
428,509.058
429,484.264
430,514.481
431,476.255
432,455.558
433,444.317
434,537.341
435,529.135
436,518.226
437,491.889
438,447.611
439,454.269
440,517.683
441,524.341
442,526.745
443,490.163
444,500.702
445,473.856
446,512.654
447,522.582
448,534.269
449,505.447
450,477.947
451,450.812
452,511.654
453,513.01
454,494.74
455,483.077
456,464.894
457,464.091
458,480.659
459,536.163
460,525.308
461,493.399
462,475.163
463,437.745
464,474.327
465,521.731
466,513.327
467,498.942
468,505.038
469,498.49
470,496.038
471,573.769
472,508.038
473,544.418
474,538.442
475,470.471
476,479.548
477,524.274
478,557.38
479,576.75
480,555.332
481,509.889
482,495.519
483,492.082
484,529.01
485,518.38
486,494.962
487,490.38
488,493.856
489,471.365
490,534.981
491,477.822
492,489.764
493,485.505
494,474.779
495,426.851
496,493.74
497,487.716
498,497.365
499,470.173
500,452.5
501,462.784
502,481.486
503,493.486
504,459.245
505,467.861
506,449.962
507,518.712
508,514.567
509,489.438
510,467.88
511,463.111
512,501.697
513,514.774
514,521.514
515,564.697
516,511.317
517,487.322
518,510.769
519,543.038
520,548.005
521,506.591
522,502.663
523,479.24
524,477.582
525,547.5
526,531.774
527,530.231
528,479.048
529,481.99
530,413.183
531,490.519
532,535.635
533,525.562
534,480.385
535,463.293
536,468.558
537,524.149
538,508.745
539,518.476
540,489.793
541,505.899
542,486.99
543,483.582
544,473.668
545,474.231
546,483.692
547,471.067
548,512.192
549,524.337
550,550.38
551,495.053
552,487.87
553,447.659
554,495.567
555,536.63
556,576.683
557,530.019
558,512.966
559,521.423
560,486.178
561,558.361
562,530.255
563,519.899
564,503.822
565,461.495
566,482.678
567,526.154
568,540.822
569,520.663
570,491.99
571,449.144
572,474.043
573,472.88
574,517.87
575,515.135
576,507.803
577,497.971
578,500.808
579,531.106
580,493.856
581,441.885
582,473.005
583,432.048
584,500.582
585,566.361
586,508.476
587,524.524
588,467.101
589,459.755
590,522.385
591,539.221
592,511.375
593,501.221
594,520.111
595,428.639
596,546.933
597,516.236
598,545.077
599,532.337
600,471.736
601,479.274
602,461.529
603,570.62
604,557.019
605,497.192
606,486.091
607,497.952
608,455.038
609,492.673
610,512.524
611,494.707
612,492.312
613,478.803
614,467.087
615,487.385
616,537.341
617,510.582
618,512.212
619,475.683
620,489.812
621,534.673
622,524.274
623,529.87
624,476.851
625,482.471
626,485.173
627,566.019
628,551.779
629,539.212
630,477.168
631,521.764
632,453.111
633,569.087
634,548.793
635,540.038
636,465.173
637,490.885
638,481.067
639,510.274
640,516.889
641,533.154
642,502.615
643,457.216
644,483.755
645,544.096
646,540.644
647,484.822
648,493.731
649,446.745
650,489.928
651,540.149
652,530.462
653,489.077
654,466.712
655,454.769
656,506.721
657,520.644
658,519.082
659,498.889
660,476.923
661,441.337
662,511.899
663,517.245
664,502.865
665,495.226
666,472.957
667,488.899
668,502.846
669,517.678
670,508.082
671,490.678
672,476.356
673,420.212
674,481.923
675,482.212
676,543.673
677,506.236
678,497.788
679,475.611
680,483.5
681,499.26
682,517.529
683,477.856
684,463.255
685,432.067
686,471.466
687,455.404
688,472.327
689,479.077
690,456.375
691,504.37
692,517.048
693,513.178
694,485.197
695,472.942
696,480.442
697,483.062
698,545.49
699,544.548
700,526.394
701,480.846
702,504.971
703,524.649
704,529.736
705,547.207
706,471.163
707,464.168
708,451.077
709,428.144
710,554.716
711,536.649
712,542.668
713,491.63
714,479.197
715,504.995
716,515.957
717,536.918
718,500.144
719,493.817
720,487.841
721,457.12
722,497.534
723,529.913
724,496.942
725,473.394
726,488.034
727,494.923
728,516.933
729,563.885
730,513.413
731,500.851
732,536.788
733,460.938
734,545.63
735,531.207
736,541.125
737,513.014
738,538.029
739,489.361
740,586.75
741,525.37
742,533.514
743,503.125
744,474.264
745,455.476
746,555.111
747,480.726
748,538.058
749,514.827
750,527.01
751,482.067
752,500.995
753,553.264
754,521.736
755,482.163
756,492.726
757,504.558
758,522.019
759,518.317
760,545.524
761,454.13
762,518.702
763,467.486
764,440.572
765,498.812
766,536.438
767,525.745
768,497.163
769,470.688
770,488.298
771,502.721
772,537.192
773,479.101
774,522.889
775,489.543
776,456.514
777,448.534
778,472.284
779,524.663
780,513.284
781,491.524
782,468.481
783,466.668
784,523.966
785,520.678
786,521.947
787,489.442
788,470.231
789,460.601
790,560.822
791,490.659
792,527.048
793,478.995
794,472.457
795,497.505
796,534.644
797,555.423
798,558.731
799,501.197
800,483.87
801,479.476
802,518.716
803,538.639
804,546.798
805,498.495
806,500.812
807,452.663
808,526.019
809,522.639
810,545.212
811,516.024
812,468.298
813,481.764
814,456.462
815,521.933
816,540.736
817,501.471
818,478.197
819,470.135
820,477.077
821,469.832
822,526.947
823,502.558
824,535.63
825,487.221
826,494.548
827,444.495
828,524.635
829,532.774
830,522.13
831,490.067
832,446.75
833,452.385
834,480.514
835,494.793
836,536.851
837,485.851
838,471.668
839,447.101
840,456.822
841,506.817
842,520.067
843,518.736
844,494.779
845,466.928
846,535.236
847,518.26
848,552.264
849,477.399
850,450.962
851,462.298
852,505.678
853,535.188
854,541.231
855,499.851
856,482.697
857,441.49
858,458.788
859,497.644
860,539.399
861,508
862,479.072
863,486.514
864,453.322
865,513.683
866,534.38
867,522.606
868,492.933
869,447.26
870,411.615
871,459.654
872,513.163
873,530.87
874,492.654
875,474.111
876,463.053
877,460.865
878,462.38
879,481.755
880,527
881,508.755
882,479.346
883,438.947
884,447.942
885,481.438
886,514.529
887,526.683
888,481.62
889,478.712
890,452.659
891,478.043
892,548.856
893,541.942
894,489.736
895,480.986
896,476.308
897,495.438
898,565.087
899,540.899
900,510.904
901,494.966
902,445.562
903,477.207
904,503.168
905,552.462
906,539.548
907,532.106
908,484.005
909,493.587
910,485.966
911,506.457
912,531.173
913,517.293
914,469.438
915,480.827
916,454.678
917,492.005
918,506.279
919,482.928
920,476.077
921,474.173
922,463.731
923,447.226
924,495.279
925,492.144
926,489.087
927,512.048
928,445.779
929,418.154
930,485.337
931,520.731
932,456.865
933,486.173
934,457.889
935,433.928
936,467.889
937,515.26
938,500.312
939,483.197
940,489.986
941,437.399
942,436.572
943,511.625
944,539.606
945,517.889
946,475.668
947,443.303
948,466.269
949,506.014
950,514.101
951,506.611
952,459.712
953,448.856
954,464.25
955,495.284
956,501.087
957,473.279
958,461.567
959,459.293
960,444.688
961,461.476
962,510.149
963,544.418
964,516.476
965,508.548
966,472.534
967,463.423
968,471.072
969,552.558
970,475.346
971,497.764
972,500.269
973,457.341
974,444.111
975,508.688
976,515.351
977,431.159
978,462.106
979,425.327
980,445.769
981,462.192
982,514.163
983,538.822
984,493.106
985,477.947
986,490.774
987,452.817
988,450.601
989,503.139
990,518.048
991,523.529
992,482.885
993,446.524
994,463.625
995,551.399
996,481.736
997,470.067
998,451.428
999,436.918
1000,450.26
1001,480.986
1002,497.245
1003,547.75
1004,504.856
1005,477.572
1006,443.952
1007,418.019
1008,440.952
1009,493.361
1010,485.389
1011,484.38
1012,469.639
1013,446.861
1014,479.966
1015,509.764
1016,480.803
1017,502.111
1018,469.534
1019,457.99
1020,476.837
1021,495.692
1022,528.861
1023,483.236
1024,512.418
1025,444.62
1026,461.913
1027,412.745
1028,468.365
1029,505.514
1030,528.019
1031,514.019
1032,474.144
1033,456.385
1034,435.904
1035,482.558
1036,482.029
1037,482.942
1038,499.952
1039,489.082
1040,445.019
1041,446.76
1042,528.462
1043,531.817
1044,484.053
1045,483.375
1046,511.288
1047,443.476
1048,471.74
1049,495.88
1050,503.745
1051,485.75
1052,471.452
1053,468.846
1054,478.562
1055,582.284
1056,540.981
1057,512.163
1058,543.149
1059,526.125
1060,478.394
1061,424.582
1062,507.154
1063,539.529
1064,486.995
1065,478.101
1066,456
1067,429.332
1068,502.279
1069,481.841
1070,505.678
1071,442.288
1072,413.091
1073,443.433
1074,451.889
1075,506.99
1076,493.149
1077,469.543
1078,425.418
1079,464.351
1080,444.221
1081,440.649
1082,524.524
1083,524.567
1084,478.812
1085,488.183
1086,474.51
1087,472.462
1088,530.423
1089,504.298
1090,499.861
1091,486.447
1092,500.221
1093,457.202
1094,486.38
1095,561.356
1096,559.471
1097,467.293
1098,478.087
1099,487.106
1100,461
1101,479.865
1102,502.601
1103,505.663
1104,449.673
1105,447.981
1106,454.938
1107,491.274
1108,547.587
1109,537.106
1110,479.524
1111,441.346
1112,501.62
1113,485.808
1114,514.351
1115,555.928
1116,462.394
1117,452.635
1118,474.269
1119,478.577
1120,504.202
1121,502.144
1122,488.76
1123,463.692
1124,488.341
1125,454.341
1126,509.591
1127,494.327
1128,506.413
1129,489.423
1130,491.341
1131,431.832
1132,466.385
1133,520.49
1134,500.577
1135,509.024
1136,495.63
1137,464.404
1138,466.683
1139,506.447
1140,508.587
1141,483.755
1142,465.034
1143,405.543
1144,479.139
1145,521.159
1146,465.298
1147,507.466
1148,503.087
1149,479.481
1150,453.755
1151,525.736
1152,502.269
1153,559.356
1154,514.077
1155,506.014
1156,475.183
1157,482.423
1158,539.817
1159,528.048
1160,507.337
1161,503.721
1162,469.673
1163,440.793
1164,512.188
1165,544.909
1166,471.399
1167,482.99
1168,470.76
1169,438.462
1170,465.428
1171,468.317
1172,514.385
1173,444.962
1174,503.404
1175,456.197
1176,450.183
1177,515.163
1178,552.971
1179,499.183
1180,454.596
1181,452.351
1182,460.736
1183,515.457
1184,511.596
1185,487.101
1186,454.788
1187,474.005
1188,448.788
1189,509.072
1190,515.644
1191,484.942
1192,481.341
1193,460.808
1194,457.082
1195,471.01
1196,518.207
1197,542.76
1198,516.971
1199,479.952
1200,461.298
1201,514.692
1202,520.269
1203,476.567
1204,461.923
1205,483.438
1206,445.51
1207,507.875
1208,523.548
1209,479.822
1210,482.481
1211,448.923
1212,446.995
1213,440.183
1214,502.519
1215,489.971
1216,482.947
1217,447.591
1218,462.683
1219,425.846
1220,501.236
1221,533.591
1222,477.087
1223,482.005
1224,440.635
1225,490.587
1226,521.538
1227,504.24
1228,472.779
1229,469.428
1230,461.495
1231,434.067
1232,472.034
1233,513.495
1234,501.827
1235,488
1236,402.697
1237,466.106
1238,498.216
1239,490.13
1240,511.76
1241,513.298
1242,488.197
1243,476.5
1244,476.75
1245,524.918
1246,485.731
1247,525.062
1248,445.043
1249,455.663
1250,441.538
1251,470.976
1252,515.163
1253,513.38
1254,496.688
1255,465.846
1256,438.654
1257,438.904
1258,419.409
1259,534.332
1260,528.99
1261,536.37
1262,469.413
1263,488.865
1264,415.438
1265,467.577
1266,534.582
1267,557.231
1268,478.841
1269,474.591
1270,459.534
1271,465.707
1272,511.245
1273,517.678
1274,484.375
1275,435.014
1276,419.74
1277,461.38
1278,494.226
1279,588.303
1280,535.087
1281,492.591
1282,477.952
1283,486.332
1284,455.966
1285,516.005
1286,571.865
1287,494.538
1288,477.014
1289,452.856
1290,426.769
1291,505.841
1292,517.341
1293,486.053
1294,476.13
1295,449.76
1296,438.875
1297,439.212
1298,474.212
1299,480.63
1300,466.841
1301,433.639
1302,426.572
1303,423.375
1304,452.918
1305,491.971
1306,513.058
1307,464.928
1308,461.139
1309,469.668
1310,416.25
1311,435.264
1312,500.341
1313,478.553
1314,485.438
1315,442.99
1316,452.37
1317,490.678
1318,526.673
1319,482.572
1320,497.38
1321,452.62
1322,411.101
1323,460.298
1324,503.01
1325,527.442
1326,487.231
1327,432.308
1328,434.673
1329,439.029
1330,475.413
1331,483.957
1332,494.125
1333,489.029
1334,477.625
1335,449.88
1336,463.909
1337,456.202
1338,502
1339,493.87
1340,484.663
1341,458.308
1342,439.221
1343,423.952
1344,451.462
1345,489.447
1346,491.38
1347,453.452
1348,441.635
1349,439.236
1350,460.606
1351,451.683
1352,514.49
1353,507.558
1354,470.038
1355,483.62
1356,444.755
1357,459.803
1358,512.827
1359,535.053
1360,520.284
1361,519.981
1362,473.115
1363,449.048
1364,472.279
1365,487.76
1366,531.337
1367,504.88
1368,505.51
1369,467.442
1370,484.548
1371,459.582
1372,508.149
1373,533.639
1374,496.875
1375,489.077
1376,464.678
1377,455.548
1378,476.625
1379,516.947
1380,565.423
1381,495.216
1382,473.567
1383,451.125
1384,488.74
1385,455.202
1386,505.784
1387,493.168
1388,479.519
1389,495.663
1390,446.231
1391,415.236
1392,501.274
1393,563.784
1394,518.385
1395,547.947
1396,490.096
1397,463.298
1398,414.76
1399,430.245
1400,518.942
1401,480.62
1402,488.438
1403,444.649
1404,423.173
1405,459.072
1406,416.745
1407,494.957
1408,469.317
1409,494.736
1410,442.846
1411,454.889
1412,441.745
1413,522.38
1414,471.788
1415,516.077
1416,490.091
1417,493.361
1418,424.793
1419,450.851
1420,449.683
1421,481.274
1422,495.543
1423,484.587
1424,451.202
1425,434.649
1426,457.438
1427,438.582
1428,485.442
1429,510.981
1430,529.188
1431,450.88
1432,492.899
1433,423.894
1434,439.077
1435,484.986
1436,520.048
1437,460.413
1438,481.986
1439,482.822
1440,436.635
1441,513.163
1442,522.279
1443,529.312
1444,497.365
1445,495.726
1446,504.029
1447,465.683
1448,497.053
1449,556.644
1450,504.202
1451,490.341
1452,474.212
1453,453.88
1454,454.404
1455,473.226
1456,551.207
1457,480.745
1458,490.865
1459,490.745
1460,472.322
1461,484.048
1462,535.976
1463,533.048
1464,485.716
1465,491.788
1466,483.178
1467,485.899
1468,470.803
1469,531.913
1470,479.438
1471,525.856
1472,478.788
1473,436.995
1474,439.125
1475,499.774
1476,549.01
1477,522.207
1478,477.846
1479,463.317
1480,431.159
1481,466.144
1482,459.649
1483,506.332
1484,454.216
1485,465.24
1486,478.322
1487,413.99
1488,396.635
1489,474.149
1490,480.986
1491,465.284
1492,437.24
1493,446.87
1494,404.562
1495,427.832
1496,411.875
1497,409.139
1498,416.428
1499,391.923
1500,454.817
1501,473.106
1502,482.745
1503,503.577
1504,442.428
1505,430.841
1506,419.957
1507,496.269
1508,493.788
1509,473.952
1510,473.481
1511,399.995
1512,414.077
1513,433.038
1514,507.312
1515,474.024
1516,452
1517,444.245
1518,452.413
1519,417.12
1520,495.534
1521,511.986
1522,481.351
1523,466.298
1524,455.87
1525,441.375
1526,415.058
1527,464.197
1528,499.788
1529,500.135
1530,464.611
1531,465.755
1532,470.356
1533,498.284
1534,548.264
1535,510.173
1536,517.543
1537,473.803
1538,461.534
1539,459.159
1540,516.433
1541,512.279
1542,519.928
1543,486.005
1544,484.197
1545,482.558
1546,521.736
1547,540.188
1548,485.909
1549,470.745
1550,461.707
1551,474.279
1552,399.346
1553,481.216
1554,463.635
1555,528.038
1556,501.644
1557,429.385
1558,443.548
1559,456.351
1560,468.779
1561,507.74
1562,513.115
1563,491.995
1564,427.274
1565,471
1566,473.303
1567,473.784
1568,509.106
1569,480.841
1570,455.606
1571,442.25
1572,437.067
1573,453.856
1574,484.644
1575,508.615
1576,513.327
1577,473.298
1578,455.298
1579,455.486
1580,484.135
1581,496.837
1582,488.635
1583,489.99
1584,466.433
1585,435.947
1586,453.332
1587,471.053
1588,495.514
1589,484.067
1590,488.125
1591,481.303
1592,438.62
1593,449.159
1594,448.837
1595,511.851
1596,495.567
1597,488.404
1598,434.13
1599,433.981
1600,428.716
1601,445.678
1602,452.683
1603,432.769
1604,420.99
1605,415.312
1606,397.529
1607,416.024
1608,455.149
1609,458.375
1610,457.327
1611,467.889
1612,421.053
1613,419.077
1614,423.327
1615,483.188
1616,507.101
1617,454.769
1618,453.851
1619,415.192
1620,443.947
1621,483.356
1622,463.317
1623,471.625
1624,451.793
1625,440.332
1626,438.058
1627,436.058
1628,493.37
1629,480.216
1630,494.053
1631,464.731
1632,451.947
1633,440.067
1634,454.683
1635,478.625
1636,515.087
1637,473.841
1638,431.067
1639,420.308
1640,369.399
1641,407.111
1642,414.26
1643,468.76
1644,465.832
1645,432.26
1646,441.971
1647,454.043
1648,409.486
1649,369.486
1650,443.288
1651,523.986
1652,463.712
1653,451.942
1654,459.149
1655,432.558
1656,448.01
1657,496.966
1658,500.332
1659,533.606
1660,450.029
1661,456.433
1662,429.269
1663,491.062
1664,550.606
1665,485.058
1666,451.125
1667,426.822
1668,471.909
1669,432.808
1670,493.394
1671,514.202
1672,545.087
1673,485.822
1674,439.202
1675,424.827
1676,461.981
1677,481.163
1678,514.827
1679,505.226
1680,472.793
1681,494.365
1682,433.889
1683,452.543
1684,484.197
1685,494.212
1686,475.707
1687,466.75
1688,443.168
1689,439.284
1690,508.471
1691,479.327
1692,495.322
1693,454.817
1694,458.341
1695,471.269
1696,442.197
1697,527.024
1698,542.418
1699,500.524
1700,497.135
1701,470.596
1702,462.394
1703,486.466
1704,522.615
1705,482.553
1706,486.798
1707,447.476
1708,474.505
1709,452.538
1710,422.918
1711,499.981
1712,482.341
1713,501.13
1714,436.476
1715,450.913
1716,454.135
1717,511.75
1718,501.303
1719,477.067
1720,469.707
1721,459.274
1722,433.101
1723,463.005
1724,471.226
1725,453.471
1726,451.096
1727,444.12
1728,435.587
1729,464.144
1730,445.197
1731,543.981
1732,504.99
1733,468.25
1734,445.163
1735,431.899
1736,469.192
1737,446.317
1738,499.212
1739,465.043
1740,467.707
1741,447.438
1742,428.048
1743,441.264
1744,478.615
1745,487.409
1746,449.38
1747,440.106
1748,430.851
1749,450.971
1750,439.481
1751,490.971
1752,471.447
1753,440.577
1754,440.885
1755,451.707
1756,437.111
1757,462.399
1758,449.957
1759,451.212
1760,426.75
1761,428.659
1762,413.591
1763,474.635
1764,438.135
1765,428.471
1766,439.793
1767,417.106
1768,414.817
1769,462.212
1770,461.293
1771,488.481
1772,468.721
1773,442.553
1774,389.293
1775,464.798
1776,538.971
1777,503.861
1778,485.409
1779,487.159
1780,439.841
1781,460.952
1782,414.731
1783,480.644
1784,450.851
1785,500.014
1786,449.01
1787,437.514
1788,462.139
1789,424.75
1790,434.433
1791,470.62
1792,466.125
1793,465.596
1794,431.913
1795,424.438
1796,429.692
1797,503.885
1798,510.663
1799,468.514
1800,448.62
1801,433.793
1802,417.062
1803,454.625
1804,442.24
1805,478.913
1806,437.611
1807,455.716
1808,425.63
1809,437.149
1810,487.798
1811,493.529
1812,461.663
1813,437.76
1814,438.404
1815,421.692
1816,479.019
1817,490.418
1818,488.716
1819,490.394
1820,474.303
1821,456.058
1822,444.788
1823,489.971
1824,492.606
1825,490.404
1826,455.37
1827,415.303
1828,393.106
1829,463.875
1830,496.644
1831,515.567
1832,498.933
1833,477.553
1834,451.144
1835,481.875
1836,503.135
1837,512.75
1838,449.548
1839,489.591
1840,429.74
1841,430.827
1842,471.865
1843,481.034
1844,512.774
1845,480.312
1846,475.38
1847,419.654
1848,460.466
1849,496.26
1850,524.192
1851,473.399
1852,473.096
1853,449.423
1854,412.957
1855,444.005
1856,501.894
1857,506.12
1858,490.341
1859,467.149
1860,473.029
1861,437.639
1862,489.538
1863,539.106
1864,496.822
1865,468.904
1866,427.736
1867,452.971
1868,476.697
1869,516.014
1870,506.558
1871,525.462
1872,489.524
1873,433.135
1874,440.168
1875,485.918
1876,500.25
1877,466.038
1878,474.514
1879,467.534
1880,453.591
1881,467.178
1882,501.274
1883,518.558
1884,492.841
1885,460.702
1886,453.087
1887,500.649
1888,474.798
1889,478.707
1890,492.048
1891,506.75
1892,442.995
1893,411.889
1894,421.457
1895,499.154
1896,496.673
1897,495.096
1898,429.279
1899,416.832
1900,416.764
1901,416.971
1902,504.058
1903,441.538
1904,455.389
1905,407.928
1906,451.514
1907,430.774
1908,518.933
1909,511.505
1910,505.688
1911,515.856
1912,471.745
1913,495.279
1914,510.212
1915,504.726
1916,504.861
1917,472.548
1918,457.812
1919,465.471
1920,457.663
1921,458.702
1922,504.447
1923,486.245
1924,451.644
1925,470.452
1926,424.596
1927,432.74
1928,487.769
1929,468.851
1930,480.548
1931,439.192
1932,443.149
1933,457.332
1934,437.808
1935,490.913
1936,437.663
1937,453.322
1938,421.938
1939,448.332
1940,500.361
1941,491.764
1942,506.663
1943,447.341
1944,462.139
1945,429.365
1946,483.034
1947,493.067
1948,481.505
1949,446.808
1950,475.462
1951,426.269
1952,469.918
1953,462.875
1954,490.577
1955,503.918
1956,448.966
1957,443.385
1958,412
1959,476.452
1960,490.284
1961,479.135
1962,467.947
1963,477.447
1964,435.788
1965,499.966
1966,542.135
1967,517.293
1968,491.317
1969,476
1970,448.312
1971,470.716
1972,537.077
1973,500.779
1974,486.611
1975,484.096
1976,441.433
1977,409.106
1978,474.591
1979,512.188
1980,497.986
1981,449.144
1982,450.923
1983,457.524
1984,489.428
1985,504.168
1986,493.269
1987,475.197
1988,467.779
1989,456.784
1990,475.428
1991,456.524
1992,466.072
1993,447.736
1994,431.562
1995,437.226
1996,468.678
1997,499.279
1998,499.962
1999,482.644
2000,459.346
2001,469.317
2002,472.178
2003,528.269
2004,475.462
2005,449.423
2006,479.659
2007,451.043
2008,453.168
2009,467.37
2010,525.168
2011,475.519
2012,471.144
2013,444.115
2014,441.558
2015,469.183
2016,466.404
2017,467.726
2018,461.361
2019,448.635
2020,463.938
2021,511.433
2022,489.644
2023,537.096
2024,483.952
2025,430.822
2026,447.962
2027,456.986
2028,503.731
2029,508.168
2030,499.909
2031,465.457
2032,445.346
2033,448.062
2034,464.755
2035,500.962
2036,502.168
2037,457.731
2038,415.88
2039,421.428
2040,438.394
2041,498.529
2042,492.601
2043,473.913
2044,457.923
2045,456.49
2046,437.087
2047,479.399
2048,509.12
2049,475.106
2050,463.519
2051,452.986
2052,455.457
2053,493.067
2054,509.466
2055,474.505
2056,493.043
2057,441.024
2058,466.077
2059,437.63
2060,479.899
2061,501.837
2062,445.721
2063,450.514
2064,430.582
2065,402.769
2066,442.288
2067,499.048
2068,444.25
2069,444.327
2070,471.197
2071,409.793
2072,411.49
2073,482.462
2074,528.548
2075,471.572
2076,476.865
2077,443.649
2078,452.005
2079,449.26
2080,506.096
2081,488.413
2082,526.135
2083,500.327
2084,475.923
2085,431.192
2086,485.014
2087,502.322
2088,556.111
2089,486.255
2090,463.827
2091,448.202
2092,411.755
2093,476.029
2094,510.74
2095,496.361
2096,444.793
2097,441.236
2098,421.591
2099,469.12
2100,518.077
2101,496.332
2102,475.284
2103,446.091
2104,471.558
2105,433.591
2106,497.183
2107,486.668
2108,516.928
2109,471.606
2110,452.466
2111,439.986
2112,470.534
2113,487.904
2114,459.51
2115,455.649
2116,460.38
2117,424.043
2118,450.861
2119,504.596
2120,527.399
2121,471.25
2122,428.582
2123,473.178
2124,453.178
2125,492.649
2126,512.111
2127,495.716
2128,458.139
2129,460.178
2130,458.269
2131,480.938
2132,477.99
2133,456.817
2134,456.62
2135,449.832
2136,397.774
2137,433.058
2138,476.394
2139,495.38
2140,452.601
2141,435.615
2142,416.409
2143,457.678
2144,502.442
2145,473.928
2146,472.111
2147,423.317
2148,457.659
2149,431.048
2150,468.673
2151,509.625
2152,458.88
2153,476.303
2154,471.976
2155,453.688
2156,444.913
2157,481.399
2158,498.51
2159,462.952
2160,463.668
2161,448.909
2162,421.755
2163,478.966
2164,478.298
2165,454.981
2166,475.442
2167,458.596
2168,435.062
2169,489.029
2170,491.264
2171,522.236
2172,482.721
2173,411.12
2174,450.024
2175,465.418
2176,478.091
2177,479.861
2178,485.885
2179,469.038
2180,450.168
2181,424.317
2182,468.486
2183,479.582
2184,486.019
2185,456.688
2186,457.861
2187,468.88
2188,487.644
2189,482.279
2190,498.178
2191,462.885
2192,487.236
2193,438.067
2194,459.591
2195,484.87
2196,454.846
2197,460.798
2198,452.264
2199,446.106
2200,481.452
2201,494.048
2202,483.322
2203,488.827
2204,487.356
2205,433.308
2206,460.928
2207,454.861
2208,497.466
2209,433.245
2210,405.135
2211,430.702
2212,441.981
2213,516.697
2214,507.269
2215,448.447
2216,467.197
2217,459.63
2218,414.072
2219,494.317
2220,471.014
2221,497.692
2222,443.553
2223,430.952
2224,458.952
2225,451.707
2226,499.846
2227,514.942
2228,482.25
2229,457.062
2230,447.668
2231,410.101
2232,458.615
2233,481.716
2234,465.01
2235,456.51
2236,421.279
2237,442.139
2238,474.096
2239,479.471
2240,460.332
2241,459.899
2242,447.38
2243,416.394
2244,476.087
2245,517.058
2246,459.385
2247,434.63
2248,471.755
2249,432.904
2250,470.12
2251,498.779
2252,507.394
2253,469.683
2254,430.837
2255,428.317
2256,449.644
2257,465.231
2258,481.188
2259,471.909
2260,451.904
2261,424.341
2262,430.428
2263,491.12
2264,487.774
2265,491.202
2266,427.452
2267,450.375
2268,431.457
2269,466.303
2270,466.308
2271,503.005
2272,437
2273,401.418
2274,426.841
2275,446.668
2276,475.947
2277,465.154
2278,447.591
2279,474.183
2280,454.269
2281,471.423
2282,468.413
2283,494.51
2284,460.288
2285,474.88
2286,442.462
2287,444.082
2288,455.019
2289,493.298
2290,495.572
2291,476.043
2292,440.736
2293,462.514
2294,469.793
2295,482.188
2296,486.625
2297,465.654
2298,457.389
2299,451.726
2300,435.683
2301,507.236
2302,528.971
2303,482.851
2304,505.25
2305,468.433
2306,466.365
2307,497.928
2308,509.486
2309,470.553
2310,456.428
2311,435.447
2312,439.014
2313,471.288
2314,463.139
2315,453.764
2316,458.784
2317,460.37
2318,432.385
2319,424.476
2320,463.255
2321,475.192
2322,471.692
2323,417.644
2324,385.986
2325,415.274
2326,411.88
2327,442.596
2328,467.591
2329,484.596
2330,432.827
2331,436.375
2332,426.038
2333,417.51
2334,456.572
2335,497.688
2336,453.361
2337,425.072
2338,447.62
2339,434.178
2340,464.611
2341,477.611
2342,460.332
2343,405.76
2344,421.442
2345,438.476
2346,462.635
2347,482.346
2348,444.264
2349,437.308
2350,425.404
2351,451.423
2352,450.635
2353,508.861
2354,503.409
2355,451.077
2356,484.649
2357,419.596
2358,457.471
2359,493.385
2360,465.062
2361,454.255
2362,413.038
2363,377.125
2364,405.154
2365,474.332
2366,502.298
2367,485.663
2368,466.808
2369,455.293
2370,440.5
2371,473.543
2372,496.173
2373,475.745
2374,460.76
2375,457.572
2376,442.615
2377,409.01
2378,495.889
2379,463.755
2380,457.312
2381,460.745
2382,433.486
2383,438.25
2384,479.683
2385,494.784
2386,483.76
2387,423.99
2388,487.5
2389,463.774
2390,476.553
2391,489.303
2392,502.702
2393,473.197
2394,462.341
2395,462.505
2396,412.817
2397,471.865
2398,446.745
2399,467.356
2400,449.933
2401,430.058
2402,413.284
2403,475.197
2404,457.817
2405,461.505
2406,454.452
2407,416.077
2408,395.038
2409,442.072
2410,522.404
2411,492.745
2412,484.471
2413,439.462
2414,409.611
2415,390.413
2416,487.663
2417,415.447
2418,479.856
2419,436.135
2420,457.019
2421,389.538
2422,469.264
2423,489.293
2424,449.788
2425,466.986
2426,425.087
2427,414.688
2428,450.341
2429,488.976
2430,476.913
2431,431.558
2432,413.01
2433,429.255
2434,410.389
2435,441.087
2436,476.553
2437,448.885
2438,476.788
2439,412.856
2440,419.375
2441,409.697
2442,485.202
2443,483.529
2444,511.207
2445,422.832
2446,454.538
2447,413.284
2448,430.197
2449,480.731
2450,493.221
2451,424.029
2452,424.87
2453,396.933
2454,426.288
2455,440.452
2456,457.062
2457,446.856
2458,425.889
2459,409.25
2460,404.154
2461,470.865
2462,445.966
2463,457.49
2464,386.144
2465,425.087
2466,429.135
2467,448.173
2468,490.24
2469,490.519
2470,443.207
2471,409.611
2472,424.087
2473,417.221
2474,492.538
2475,502.149
2476,432.726
2477,438.144
2478,425.952
2479,452.486
2480,517.538
2481,483.505
2482,465.452
2483,424.043
2484,465.293
2485,427.885
2486,475.269
2487,489.106
2488,465.736
2489,470.909
2490,483.971
2491,485
2492,484.736
2493,481.418
2494,464.683
2495,481.966
2496,461.062
2497,439.712
2498,474.399
2499,515.385
2500,527.678
2501,483.062
2502,466.88
2503,481.38
2504,462.106
2505,508.154
2506,482.673
2507,479.851
2508,457.851
2509,442.082
2510,404.75
2511,454.534
2512,486.966
2513,496.072
2514,464.279
2515,473.784
2516,430.726
2517,446.803
2518,500.13
2519,485.505
2520,523.721
2521,445.788
2522,440.096
2523,441.817
2524,449.404
2525,492.067
2526,475.947
2527,456.865
2528,441.74
2529,402.899
2530,465.375
2531,458.361
2532,452.63
2533,444.707
2534,449.798
2535,430.779
2536,395.014
2537,472.875
2538,486.726
2539,443.644
2540,447.034
2541,437.913
2542,430.75
2543,439.716
2544,480.452
2545,486.269
2546,455.043
2547,440.942
2548,434.702
2549,426.067
2550,509.851
2551,475.683
2552,455.337
2553,439.812
2554,424.048
2555,433.817
2556,459.298
2557,511.255
2558,476.938
2559,430.673
2560,432.245
2561,414.034
2562,453.875
2563,527.889
2564,502.971
2565,462.904
2566,455.558
2567,414.159
2568,415
2569,457.135
2570,494.409
2571,490.625
2572,424.394
2573,445.649
2574,444.688
2575,444.87
2576,515.101
2577,469.644
2578,483.019
2579,446.558
2580,439.375
2581,427.75
2582,475.986
2583,475.005
2584,445.394
2585,450.428
2586,430.125
2587,419.957
2588,477.635
2589,498.774
2590,502.846
2591,482.26
2592,430.13
2593,449.183
2594,445.471
2595,488.611
2596,474.909
2597,485.668
2598,476.755
2599,425.413
2600,423.707
2601,500.168
2602,471.087
2603,469.562
2604,441.639
2605,435.49
2606,457.279
2607,498.688
2608,483.433
2609,482.245
2610,428.519
2611,447.077
2612,444.481
2613,492.591
2614,476.082
2615,470.841
2616,436.966
2617,424.928
2618,440.091
2619,453.24
2620,493.418
2621,540.462
2622,465.447
2623,446.13
2624,474.76
2625,458.029
2626,484.457
2627,490.375
2628,488.923
2629,472.928
2630,440.736
2631,423.712
2632,464.399
2633,446.462
2634,467.442
2635,419.034
2636,430.144
2637,441.721
2638,455.308
2639,485.659
2640,465.091
2641,491.707
2642,429.082
2643,423.788
2644,431.779
2645,485.12
2646,489.111
2647,494.88
2648,458.519
2649,451.183
2650,421.361
2651,447.668
2652,475.351
2653,496.577
2654,472.49
2655,468.029
2656,427.462
2657,432.192
2658,468.558
2659,484.995
2660,490.668
2661,514.481
2662,454.173
2663,479.716
2664,445.822
2665,493.51
2666,517.245
2667,465.135
2668,465.51
2669,451.577
2670,445.88
2671,465.327
2672,478.37
2673,509.99
2674,432.231
2675,449.389
2676,486.514
2677,488.221
2678,509.942
2679,481.13
2680,491.101
2681,434.457
2682,475.264
2683,439.418
2684,501.726
2685,515.135
2686,507.279
2687,429.269
2688,406.981
2689,428.74
2690,451.51
2691,502.976
2692,478.221
2693,454.111
2694,439.312
2695,454.716
2696,470.74
2697,492.562
2698,515.827
2699,470.577
2700,486.317
2701,436.452
2702,439.875
2703,485.635
2704,495.933
2705,509.692
2706,450.12
2707,471.654
2708,447.875
2709,441.971
2710,502.49
2711,504.596
2712,480.851
2713,449.721
2714,451.466
2715,434.538
2716,490.139
2717,519.207
2718,485.519
2719,486.091
2720,448.5
2721,464.5
2722,486.038
2723,510.606
2724,526.12
2725,515.332
2726,483.317
2727,434.135
2728,438.577
2729,495.798
2730,470.341
2731,495.25
2732,444.144
2733,448.957
2734,431.034
2735,440.317
2736,516.255
2737,456.702
2738,433.49
2739,419.322
2740,410.024
2741,439.072
2742,483.663
2743,485.591
2744,503.899
2745,447.188
2746,472.942
2747,423.625
2748,496.688
2749,481.019
2750,493.837
2751,467.625
2752,453.534
2753,428.986
2754,486.981
2755,480.317
2756,492.062
2757,459.072
2758,483.764
2759,483.029
2760,532.817
2761,471.827
2762,516.125
2763,452.962
2764,464.231
2765,433.745
2766,464.981
2767,473.938
2768,470.091
2769,471.644
2770,437.995
2771,414.111
2772,454.538
2773,461.351
2774,494.851
2775,504.139
2776,431.861
2777,423.764
2778,429.736
2779,506.38
2780,464.029
2781,488.034
2782,431.707
2783,457.726
2784,398.808
2785,474.087
2786,466.721
2787,440.207
2788,444.486
2789,417.25
2790,414.49
2791,476.274
2792,485.471
2793,506.101
2794,429.13
2795,460.841
2796,432.591
2797,476.423
2798,495.043
2799,476.13
2800,474.413
2801,437.043
2802,445.01
2803,421.298
2804,439.091
2805,472.173
2806,439.952
2807,392.663
2808,415.784
2809,435.356
2810,442.952
2811,456.062
2812,472.625
2813,453.279
2814,460.673
2815,444.418
2816,493.904
2817,471.438
2818,502.543
2819,466.822
2820,439.769
2821,480.438
2822,472.952
2823,504.202
2824,500.688
2825,465.817
2826,454.577
2827,464.135
2828,442.745
2829,469.803
2830,484.087
2831,483.197
2832,471.087
2833,420.529
2834,439.716
2835,515.077
2836,512.659
2837,479.51
2838,465.245
2839,418.702
2840,450.356
2841,431.312
2842,504.543
2843,467.774
2844,440.495
2845,457.024
2846,409.154
2847,427.971
2848,478.072
2849,463.144
2850,417.038
2851,390.288
2852,409.562
2853,418.524
2854,462.663
2855,476.639
2856,408.034
2857,430.188
2858,419.192
2859,440.423
2860,483.962
2861,477.418
2862,415.409
2863,408.808
2864,419.812
2865,427.822
2866,451.038
2867,466.596
2868,456.486
2869,416.615
2870,409.981
2871,464.274
2872,487.067
2873,463.697
2874,454.538
2875,451.659
2876,408.269
2877,477.74
2878,451.851
2879,466.889
2880,428.212
2881,437.538
2882,407.865
2883,380.26
2884,451.649
2885,458.082
2886,443.404
2887,433.303
2888,418.135
2889,425.976
2890,437.654
2891,402.62
2892,434.875
2893,414.438
2894,381.221
2895,392.981
2896,399.51
2897,453.038
2898,458.688
2899,464.663
2900,445.639
2901,426.856
2902,403.5
2903,499.538
2904,462.534
2905,487.947
2906,453.062
2907,429.731
2908,411
2909,461.106
2910,490.697
2911,492.082
2912,449.519
2913,445.798
2914,457.774
2915,453.293
2916,448.12
2917,490.115
2918,509.308
2919,478.433
2920,436.423
2921,423.385
2922,421.072
2923,475.034
2924,498.192
2925,469.38
2926,441.928
2927,459.197
2928,420.601
2929,464.01
2930,493.966
2931,469.832
2932,475.231
2933,420.096
2934,427.183
2935,415.399
2936,438.418
2937,505.077
2938,476.721
2939,444.236
2940,426.284
2941,401.87
2942,421.832
2943,466.587
2944,465.005
2945,443.014
2946,462.668
2947,424.534
2948,421.293
2949,435.24
2950,443.034
2951,447.678
2952,446.404
2953,397.51
2954,414.673
2955,398.067
2956,456.514
2957,489.928
2958,461.284
2959,452.231
2960,415.712
2961,410.966
2962,426.644
2963,440.88
2964,496.649
2965,456.149
2966,417.774
2967,413.971
2968,403.683
2969,444.481
2970,472.986
2971,451.548
2972,422.611
2973,387.452
2974,406.841
2975,412.24
2976,449.827
2977,471.899
2978,486.707
2979,424.433
2980,418.183
2981,455.702
2982,458.99
2983,503.865
2984,478.798
2985,426.707
2986,454.327
2987,417.745
2988,412.413
2989,431.755
2990,489.038
2991,484.731
2992,452.014
2993,426.351
2994,404.649
2995,435.409
2996,481.13
2997,478.904
2998,470.471
2999,408.558
3000,391.745
3001,407.764
3002,423.356
3003,469.178
3004,484.798
3005,471.212
3006,432.659
3007,404.466
3008,415.173
3009,454.476
3010,458.139
3011,471
3012,425.024
3013,431.913
3014,383.803
3015,410.428
3016,422.957
3017,453.308
3018,451.995
3019,438.269
3020,375.918
3021,411.558
3022,359.832
3023,388.404
3024,418.981
3025,462.721
3026,428.481
3027,432.49
3028,404.688
3029,405.567
3030,419.034
3031,442.712
3032,463.928
3033,448.433
3034,425.62
3035,385.644
3036,413.38
3037,425.577
3038,460.712
3039,441.644
3040,416.514
3041,413.558
3042,396.995
3043,438.755
3044,478.538
3045,466.178
3046,481.274
3047,398.423
3048,430.312
3049,445.514
3050,444.966
3051,453.716
3052,458.332
3053,439.683
3054,434.197
3055,448.197
3056,493.764
3057,411.812
3058,461.803
3059,457.24
3060,423.13
3061,446.865
3062,496.192
3063,468.933
3064,480.062
3065,428.486
3066,391.712
3067,442.404
3068,431.865
3069,494.062
3070,478.438
3071,464.962
3072,411.971
3073,433.726
3074,393.394
3075,399.346
3076,463.519
3077,439.707
3078,442.894
3079,428.154
3080,422.774
3081,391.572
3082,428.284
3083,443.736
3084,394.274
3085,421.702
3086,388.091
3087,416.688
3088,423.038
3089,462.625
3090,485.183
3091,428.75
3092,412.688
3093,424.125
3094,406.688
3095,426.293
3096,431.284
3097,460.471
3098,440.793
3099,427.726
3100,405.072
3101,383.534
3102,449.048
3103,449.115
3104,473.462
3105,422.721
3106,388.606
3107,397.582
3108,405.207
3109,445.558
3110,458.413
3111,424.88
3112,379.601
3113,376.995
3114,386.115
3115,390.312
3116,413.197
3117,435.303
3118,415.25
3119,391.144
3120,395.264
3121,370.418
3122,416.101
3123,435.409
3124,430.183
3125,414.274
3126,374.947
3127,402.029
3128,383.409
3129,377.875
3130,407.529
3131,408.688
3132,413.639
3133,372.688
3134,397.274
3135,365.99
3136,367.125
3137,408.13
3138,414.192
3139,409.851
3140,361.014
3141,344.668
3142,354.308
3143,379.053
3144,398.832
3145,390.784
3146,378.558
3147,390.697
3148,351.034
3149,368.048
3150,336.385
3151,397.683
3152,388.087
3153,373.962
3154,406.678
3155,394.438
3156,379.245
3157,362.101
3158,394.543
3159,433.154
3160,392.024
3161,381.264
3162,368.976
3163,350.716
3164,358.274
3165,385.438
3166,396.005
3167,376.322
3168,374.308
3169,359.072
3170,330.995
3171,336.12
3172,319.423
3173,385.534
3174,394.361
3175,357.183
3176,393.091
3177,349.096
3178,340.106
3179,351.226
3180,370.25
3181,406.375
3182,389.418
3183,398.731
3184,372.12
3185,387.726
3186,390.317
3187,434.25
3188,452.505
3189,471.923
3190,494.981
3191,432.466
3192,405.438
3193,402.76
3194,433.865
3195,447.053
3196,474.784
3197,436.418
3198,401.99
3199,374.048
3200,357.731
3201,422.534
3202,449.077
3203,410.601
3204,405.139
3205,363.51
3206,349.154
3207,375.375
3208,445.774
3209,419.375
3210,414.846
3211,409.635
3212,370.25
3213,373.154
3214,373.803
3215,392.361
3216,406.423
3217,383.596
3218,423.188
3219,366.37
3220,355.327
3221,376.808
3222,382.981
3223,387.159
3224,391.793
3225,341.067
3226,343.673
3227,344.51
3228,346.779
3229,385.577
3230,376.264
3231,387.875
3232,364.452
3233,359.986
3234,365.255
3235,378.553
3236,390.688
3237,396.005
3238,361.12
3239,405.413
3240,352.692
3241,358.457
3242,365.058
3243,370.101
3244,399.615
3245,396
3246,397.697
3247,379.625
3248,375.856
3249,380.365
3250,399.562
3251,397.322
3252,375.13
3253,351.404
3254,351.082
3255,307.957
3256,350.163
3257,392.361
3258,405.88
3259,396.332
3260,372.139
3261,379.707
3262,345.385
3263,363.572
3264,339.519
3265,386.913
3266,398.096
3267,341.361
3268,380.861
3269,374.615
3270,359.356
3271,374.356
3272,376.957
3273,391.635
3274,364.308
3275,358.812
3276,363.255
3277,352.596
3278,383.99
3279,401.519
3280,368.399
3281,383.918
3282,373.587
3283,364.428
3284,341.75
3285,350.053
3286,360.812
3287,388.707
3288,370.726
3289,379.63
3290,363.798
3291,344.788
3292,334.014
3293,392.413
3294,393.957
3295,383.87
3296,385.442
3297,392.274
3298,375.25
3299,354.88
3300,364.423
3301,420.183
3302,442.389
3303,367.529
3304,364.524
3305,363.769
3306,353.697
3307,373.043
3308,394.341
3309,434.606
3310,400.87
3311,373.591
3312,374.587
3313,370.567
3314,325.298
3315,374.067
3316,410.942
3317,409.236
3318,403.13
3319,369.74
3320,406.87
3321,440.865
3322,503.462
3323,468.856
3324,500.12
3325,456.683
3326,438.457
3327,416.005
3328,405.928
3329,429.538
3330,411.433
3331,440.543
3332,404.995
3333,352.938
3334,380.298
3335,392.808
3336,421.144
3337,436.971
3338,428.928
3339,416.639
3340,356.221
3341,360.625
3342,379.938
3343,390.889
3344,392.212
3345,424.216
3346,383.024
3347,385.178
3348,356.216
3349,362.413
3350,388.538
3351,402.587
3352,410.688
3353,401.952
3354,346.889
3355,358.389
3356,357.385
3357,383.346
3358,402.135
3359,380.37
3360,401.942
3361,375.423
3362,376.072
3363,369.062
3364,383.812
3365,404.264
3366,385.894
3367,390.51
3368,343.678
3369,351.423
3370,316.351
3371,318.207
3372,387.971
3373,422.611
3374,363.144
3375,387.885
3376,365.216
3377,339.452
3378,326.365
3379,400.005
3380,404.111
3381,350.63
3382,386.808
3383,352.053
3384,350.986
3385,384.962
3386,375.957
3387,404.952
3388,396.303
3389,424.188
3390,384.457
3391,374.303
3392,376.755
3393,417.827
3394,449.692
3395,437.452
3396,431.692
3397,382.106
3398,390.404
3399,366.947
3400,376.649
3401,407.37
3402,429.014
3403,396.769
3404,394.375
3405,402.683
3406,355.923
3407,424.856
3408,422.947
3409,386.361
3410,397.529
3411,389.788
3412,385.072
3413,345.168
3414,337.707
3415,393.029
3416,377.312
3417,394.067
3418,346.361
3419,332.231
3420,333.639
3421,338.505
3422,353.337
3423,393.74
3424,416.091
3425,381.702
3426,378.01
3427,336.923
3428,374.264
3429,348.005
3430,401.327
3431,338.769
3432,383.495
3433,379.534
3434,396.476
3435,391.072
3436,399.923
3437,353.231
3438,338.986
3439,337.466
3440,332.861
3441,380.784
3442,410.649
3443,399.288
3444,401.904
3445,355.389
3446,332.168
3447,341.178
3448,356.913
3449,389.168
3450,375.644
3451,336.812
3452,348.817
3453,330.087
3454,368.784
3455,379.231
3456,380.12
3457,390.284
3458,379.51
3459,383.51
3460,343.029
3461,346.173
3462,342.308
3463,352.668
3464,359.774
3465,357.635
3466,338.49
3467,370.534
3468,323.918
3469,371.514
3470,388.288
3471,400.438
3472,345.803
3473,408.601
3474,369.615
3475,358.692
3476,350.865
3477,377.452
3478,388.832
3479,389.731
3480,339.861
3481,366.13
3482,369.851
3483,404.125
3484,417.692
3485,392.865
3486,349.606
3487,389.26
3488,328.716
3489,369.413
3490,338.837
3491,341.462
3492,400.029
3493,352.538
3494,367.135
3495,371.385
3496,343.101
3497,372.976
3498,374.303
3499,376.125
3500,415.726
3501,386.793
3502,358.76
3503,381.601
3504,353.875
3505,331.038
3506,345.779
3507,358.173
3508,385.784
3509,348.764
3510,343.476
3511,350.928
3512,378.447
3513,373.913
3514,341.774
3515,357.822
3516,388.668
3517,397.154
3518,384.043
3519,366.918
3520,327.418
3521,358.721
3522,355.808
3523,390.264
3524,394.062
3525,416.683
3526,379.476
3527,346.409
3528,343.933
3529,402.5
3530,365.01
3531,350.317
3532,391.99
3533,390.399
3534,341.356
3535,351.457
3536,357.822
3537,332.346
3538,387.505
3539,379.457
3540,389.135
3541,402.183
3542,376.466
3543,386.673
3544,366.649
3545,350.188
3546,344.938
3547,362.101
3548,358.168
3549,350.938
3550,324.236
3551,370.207
3552,373.846
3553,338.183
3554,345.808
3555,361.298
3556,429.077
3557,405.514
3558,368.005
3559,357.558
3560,333.298
3561,375.957
3562,361.716
3563,329.188
3564,371.726
3565,363.615
3566,374.538
3567,372.524
3568,389.899
3569,351.471
3570,330.649
3571,322.462
3572,360.495
3573,342.356
3574,402.697
3575,380.51
3576,383.668
3577,362.111
3578,366.471
3579,348.356
3580,338.673
3581,370.971
3582,353.918
3583,351.096
3584,340.245
3585,330.173
3586,366.663
3587,415.764
3588,415.529
3589,375.774
3590,393.356
3591,356.87
3592,316.327
3593,373.077
3594,426.909
3595,412.183
3596,438.125
3597,410.486
3598,437.048
3599,370.495
3600,357.413
3601,380.716
3602,379.361
3603,374.207
3604,421.798
3605,361.99
3606,348.663
3607,399.774
3608,362.659
3609,388.221
3610,382.688
3611,360.034
3612,370.269
3613,367.26
3614,348.966
3615,336.938
3616,353.236
3617,398.716
3618,380.125
3619,391.038
3620,342.918
3621,332.043
3622,334.317
3623,370.793
3624,401.534
3625,392.356
3626,361.99
3627,320.38
3628,341.938
3629,365.327
3630,375.269
3631,358.139
3632,400.587
3633,342.519
3634,374.389
3635,353.524
3636,344.26
3637,347.038
3638,370.673
3639,372.87
3640,391.894
3641,381.673
3642,370.649
3643,382.438
3644,382.639
3645,375.673
3646,357.587
3647,389.548
3648,384.442
3649,381.837
3650,363.226
3651,338.587
3652,344.803
3653,412.721
3654,426.62
3655,400.49
3656,374.606
3657,386.447
3658,352.942
3659,349.582
3660,372.582
3661,368.692
3662,377.894
3663,402.899
3664,352.409
3665,339.188
3666,370.942
3667,392.63
3668,359.745
3669,375.736
3670,346.014
3671,357.428
3672,337.832
3673,366.486
3674,379.312
3675,390.471
3676,401.394
3677,412.245
3678,388.284
3679,362.875
3680,354.476
3681,357.808
3682,408.457
3683,399.317
3684,323.293
3685,399.889
3686,363.534
3687,357.389
3688,371.25
3689,340.428
3690,323.221
3691,377.322
3692,363.639
3693,367.144
3694,330.736
3695,365.077
3696,345.216
3697,330.024
3698,381.082
3699,383.014
3700,362.572
3701,335.683
3702,355.654
3703,338.697
3704,340.567
3705,355.111
3706,373.822
3707,374.139
3708,353.375
3709,411.389
3710,373.75
3711,349.212
3712,375.894
3713,355.332
3714,379.548
3715,387.514
3716,349.159
3717,318.75
3718,351.327
3719,310.942
3720,381.524
3721,381.082
3722,388.514
3723,361.947
3724,347.894
3725,331.37
3726,331.606
3727,339.817
3728,373.971
3729,392.894
3730,342.63
3731,357.99
3732,349.76
3733,337.918
3734,393.543
3735,354.562
3736,358.163
3737,386.611
3738,358.245
3739,358.438
3740,350.788
3741,338.745
3742,388.784
3743,417.635
3744,409.274
3745,424.736
3746,394.851
3747,381.317
3748,365.803
3749,365.038
3750,390.312
3751,362.062
3752,400.899
3753,401.918
3754,346.5
3755,364.077
3756,366.087
3757,390.37
3758,404.24
3759,404.894
3760,338.298
3761,390.029
3762,335.553
3763,365.856
3764,357.524
3765,383.505
3766,347.212
3767,362.101
3768,342.409
3769,345.24
3770,325.596
3771,312.38
3772,348.072
3773,362.793
3774,332.74
3775,354.486
3776,343.351
3777,329.889
3778,351.861
3779,354.798
3780,380.014
3781,382.529
3782,355.562
3783,368.197
3784,357.212
3785,342.942
3786,327.183
3787,355.817
3788,368.851
3789,362.197
3790,335.707
3791,371.851
3792,371.361
3793,329.476
3794,346.942
3795,330.99
3796,367.13
3797,384.337
3798,374.938
3799,337.962
3800,330.221
3801,295.697
3802,380.49
3803,390.356
3804,366.457
3805,395.62
3806,385.534
3807,362.38
3808,333.466
3809,329.207
3810,343.928
3811,388.577
3812,353.947
3813,360.255
3814,341.817
3815,345.673
3816,345.096
3817,339.245
3818,362.596
3819,356.188
3820,353.885
3821,367.255
3822,363.231
3823,371.317
3824,323.75
3825,364.87
3826,378.558
3827,380.673
3828,340.774
3829,359.481
3830,348.601
3831,351.841
3832,387.322
3833,376.966
3834,398.082
3835,362.303
3836,335.264
3837,350.938
3838,335.029
3839,375.976
3840,396.365
3841,389.034
3842,388.135
3843,357.26
3844,333.01
3845,343.913
3846,386.812
3847,388.139
3848,370.986
3849,352.423
3850,347.817
3851,327.788
3852,309.51
3853,339.779
3854,348.053
3855,376.351
3856,339.476
3857,360.909
3858,375.837
3859,335.817
3860,312.577
3861,322.519
3862,334
3863,337.966
3864,346.245
3865,330.202
3866,335.163
3867,314.62
3868,358.346
3869,380.774
3870,372.183
3871,369.274
3872,359.188
3873,327.942
3874,321.385
3875,347.125
3876,379.779
3877,368.832
3878,345.221
3879,376.274
3880,343.673
3881,339.721
3882,362.846
3883,392.13
3884,396.25
3885,396.88
3886,355.264
3887,380.875
3888,339.207
3889,334.087
3890,335.832
3891,384.952
3892,387.625
3893,406.014
3894,326.76
3895,364.909
3896,350.375
3897,349.822
3898,329.389
3899,395.976
3900,380.216
3901,358.721
3902,383.245
3903,337.279
3904,355.558
3905,400.639
3906,399.01
3907,340.514
3908,353.288
3909,364.702
3910,376.856
3911,368.125
3912,369.322
3913,373.38
3914,371.995
3915,359.5
3916,344.125
3917,354.841
3918,368.332
3919,325.159
3920,357.678
3921,371.889
3922,390.538
3923,390.072
3924,398.889
3925,340.51
3926,359.668
3927,424.817
3928,384.606
3929,368.385
3930,367.957
3931,350.346
3932,354.005
3933,318.596
3934,360.115
3935,361.202
3936,366.567
3937,357.404
3938,362.471
3939,354.462
3940,378.404
3941,333
3942,362.812
3943,346.63
3944,368.361
3945,353.221
3946,361.976
3947,350.832
3948,346.832
3949,351.375
3950,350.966
3951,368.346
3952,364.269
3953,362.889
3954,353.769
3955,327.38
3956,324.486
3957,341.433
3958,357.308
3959,340.197
3960,336.255
3961,353.452
3962,354.413
3963,328.913
3964,358.769
3965,347.846
3966,355.005
3967,339.529
3968,366.452
3969,366.077
3970,352.188
3971,343.019
3972,386.043
3973,371.409
3974,389.942
3975,354.601
3976,386.053
3977,338.76
3978,357.601
3979,360.37
3980,348.394
3981,398.904
3982,402.279
3983,382.269
3984,362.558
3985,364.221
3986,330.293
3987,336.995
3988,355.611
3989,384.51
3990,350.067
3991,365.697
3992,365.096
3993,357.038
3994,349.062
3995,376.784
3996,390.255
3997,356.409
3998,388.702
3999,373.38
4000,330.606
4001,371.312
4002,379.486
4003,346.904
4004,357.471
4005,368.462
4006,350.769
4007,375.913
4008,322.428
4009,340.861
4010,379.188
4011,366.125
4012,396.726
4013,357.067
4014,338.029
4015,319.168
4016,352.505
4017,353.183
4018,349.769
4019,388.5
4020,353.716
4021,327.928
4022,354.803
4023,360.659
4024,338.163
4025,338.62
4026,362.317
4027,350.596
4028,380.072
4029,356.144
4030,349.716
4031,357.986
4032,365.62
4033,350.048
4034,402.981
4035,365.524
4036,341.115
4037,319.25
4038,356.029
4039,335.793
4040,360.375
4041,359.466
4042,325.587
4043,341.452
4044,351.111
4045,335.688
4046,353.788
4047,328.226
4048,362.942
4049,393.221
4050,356.793
4051,327.442
4052,334.596
4053,329.784
4054,338.673
4055,329.99
4056,381.76
4057,353.745
4058,313.014
4059,318.111
4060,331.091
4061,327.538
4062,347.24
4063,387.447
4064,354.736
4065,303.803
4066,360.76
4067,295.957
4068,328.053
4069,343
4070,301.438
4071,359.865
4072,375.856
4073,317.745
4074,335.486
4075,322.558
4076,331.678
4077,360.014
4078,367.909
4079,366.947
4080,353.216
4081,378.942
4082,361.774
4083,350.798
4084,350.889
4085,393.428
4086,337.76
4087,364.447
4088,335.764
4089,379.851
